water,site,feature,start,end,point,density,COMMENT,MEA,csv
FBL,BEF.FBL.007,O,343,347,,5,,MEA,
FBL,BEF.FBL.007,SV,343,345,,2,,MEA,
FBL,BEF.FBL.007,FW,343,344,,3,,MEA,
FBL,BEF.FBL.007,S,343,351,,5,,MEA,
FBL,BEF.FBL.007,EV,343,345,,4,,MEA,
FBL,BEF.FBL.007,FW,344,347,,5,,MEA,
FBL,BEF.FBL.007,CW,,,346,,,MEA,
FBL,BEF.FBL.007,O,347,348,,3,,MEA,
FBL,BEF.FBL.007,CW,,,348,,,MEA,
FBL,BEF.FBL.007,O,340,355,,5,,MEA,
FBL,BEF.FBL.007,SV,349,350,,2,,MEA,
FBL,BEF.FBL.007,SC,351,356,,3,,MEA,
FBL,BEF.FBL.007,SV,351,352,,2,,MEA,
FBL,BEF.FBL.007,SV,353,354,,1,,MEA,
FBL,BEF.FBL.007,FW,355,364,,1,,MEA,
FBL,BEF.FBL.007,SV,355,357,,2,,MEA,
FBL,BEF.FBL.007,O,355,357,,2,,MEA,
FBL,BEF.FBL.007,S,356,359,,5,,MEA,
FBL,BEF.FBL.007,O,357,364,,4,,MEA,
FBL,BEF.FBL.007,SV,357,364,,4,,MEA,
FBL,BEF.FBL.007,EV,358,360,,1,,MEA,
FBL,BEF.FBL.007,SC,359,364,,2,,MEA,
FBL,BEF.FBL.007,EV,361,364,,2,,MEA,
FBL,BEF.FBL.007,CW,,,362,,,MEA,
FBL,BEF.FBL.007,CW,,,363,,,MEA,
FBL,BEF.FBL.006,B,308,319,,,"HUGE, COVERS WHOLE FLOOR",MEA,
FBL,BEF.FBL.006,CW,,,308,,,MEA,
FBL,BEF.FBL.006,FW,308,309,,5,,MEA,
FBL,BEF.FBL.006,CW,,,309,,,MEA,
FBL,BEF.FBL.006,CW,,,310,,,MEA,
FBL,BEF.FBL.006,FW,313,317,,2,,MEA,
FBL,BEF.FBL.006,CW,,,317,,,MEA,
FBL,BEF.FBL.006,CW,,,318,,,MEA,
FBL,BEF.FBL.006,CW,,,319,,,MEA,
FBL,BEF.FBL.006,CW,,,320,,,MEA,
FBL,BEF.FBL.006,CW,,,321,,,MEA,
FBL,BEF.FBL.006,CW,,,322,,,MEA,
FBL,BEF.FBL.006,FW,317,319,,4,,MEA,
FBL,BEF.FBL.006,SC,319,320,,3,,MEA,
FBL,BEF.FBL.006,SC,320,323,,2,,MEA,
FBL,BEF.FBL.006,FW,320,325,,2,,MEA,
FBL,BEF.FBL.006,O,319,325,,2,,MEA,
FBL,BEF.FBL.006,S,323,325,,,,MEA,
FBL,BEF.FBL.006,CW,,,324,,,MEA,
FBL,BEF.FBL.006,B,325,331,,5,,MEA,
FBL,BEF.FBL.006,CW,,,326,,,MEA,
FBL,BEF.FBL.006,CW,,,327,,,MEA,
FBL,BEF.FBL.006,CW,,,328,,,MEA,
FBL,BEF.FBL.006,CW,,,329,,,MEA,
FBL,BEF.FBL.006,CW,,,330,,,MEA,
FBL,BEF.FBL.006,CW,,,332,,,MEA,
FBL,BEF.FBL.006,SC,331,333,,1,,MEA,
FBL,BEF.FBL.006,O,331,336,,5,,MEA,
FBL,BEF.FBL.006,SC,333,336,,1,,MEA,
FBL,BEF.FBL.006,FW,333,335,,5,,MEA,
FBL,BEF.FBL.006,B,334,336,,,,MEA,
FBL,BEF.FBL.006,CW,,,335,,,MEA,
FBL,BEF.FBL.006,FW,335,337,,3,,MEA,
FBL,BEF.FBL.006,SC,336,337,,2,,MEA,
FBL,BEF.FBL.006,S,337,338,,5,,MEA,
FBL,BEF.FBL.006,FW,337,341,,1,,MEA,
FBL,BEF.FBL.006,SC,338,339,,1,,MEA,
FBL,BEF.FBL.006,S,339,343,,5,,MEA,
FBL,BEF.FBL.006,SV,340,343,,,,MEA,
FBL,BEF.FBL.006,FW,341,343,,4,,MEA,
FBL,BEF.FBL.006,CW,,,342,,,MEA,
FBL,BEF.FBL.008,SV,364,365,,4,,MEA,
FBL,BEF.FBL.008,O,364,365,,5,,MEA,
FBL,BEF.FBL.008,SC,364,365,,2,,MEA,
FBL,BEF.FBL.008,FW,364,376,,1,,MEA,
FBL,BEF.FBL.008,SC,365,366,,4,,MEA,
FBL,BEF.FBL.008,SV,365,366,,2,,MEA,
FBL,BEF.FBL.008,B,366,367,,5,,MEA,
FBL,BEF.FBL.008,SC,367,369,,4,,MEA,
FBL,BEF.FBL.008,SV,,,367,1,,MEA,
FBL,BEF.FBL.008,SV,368,376,,2,,MEA,
FBL,BEF.FBL.008,SC,369,370,,2,,MEA,
FBL,BEF.FBL.008,SC,370,371,,4,,MEA,
FBL,BEF.FBL.008,SC,371,372,,3,,MEA,
FBL,BEF.FBL.008,SC,372,373,,2,,MEA,
FBL,BEF.FBL.008,SC,373,375,,1,,MEA,
FBL,BEF.FBL.008,CW,,,374,,,MEA,
FBL,BEF.FBL.008,S,375,376,,,,MEA,
FBL,BEF.FBL.008,O,375,376,,4,,MEA,
FBL,BEF.FBL.003,O,261,267,,5,,MEA,
FBL,BEF.FBL.003,SC,261,262,,1,,MEA,
FBL,BEF.FBL.003,SV,261,266,,1,,MEA,
FBL,BEF.FBL.003,FW,261,262,,1,,MEA,
FBL,BEF.FBL.003,FW,262,274,,2,,MEA,
FBL,BEF.FBL.003,SC,262,274,,3,,MEA,
FBL,BEF.FBL.003,CW,,,263,,,MEA,
FBL,BEF.FBL.003,CW,,,264,,,MEA,
FBL,BEF.FBL.003,CW,,,265,,,MEA,
FBL,BEF.FBL.003,SV,266,267,,2,,MEA,
FBL,BEF.FBL.003,O,267,276,,4,,MEA,
FBL,BEF.FBL.003,CW,,,,268,,MEA,
FBL,BEF.FBL.003,SV,269,274,,1,,MEA,
FBL,BEF.FBL.003,CW,,,271,,,MEA,
FBL,BEF.FBL.003,CW,,,272,,,MEA,
FBL,BEF.FBL.003,CW,,,273,,,MEA,
FBL,BEF.FBL.003,CW,,,275,,,MEA,
FBL,BEF.FBL.003,FW,274,276,,1,,MEA,
FBL,BEF.FBL.003,S,274,276,,5,,MEA,
FBL,BEF.FBL.002,S,240,243,,1,,MEA,
FBL,BEF.FBL.002,O,2540,242,,4,,MEA,
FBL,BEF.FBL.002,FW,240,249,,1,,MEA,
FBL,BEF.FBL.002,EV,240,243,,1,,MEA,
FBL,BEF.FBL.002,B,,,241,,"ENTERED IN AS ""B (2)""",MEA,
FBL,BEF.FBL.002,O,242,246,,2,,MEA,
FBL,BEF.FBL.002,SC,243,246,,2,,MEA,
FBL,BEF.FBL.002,SV,,,244,,,MEA,
FBL,BEF.FBL.002,SV,245,246,,2,,MEA,
FBL,BEF.FBL.002,O,246,247,,5,,MEA,
FBL,BEF.FBL.002,S,246,254,,,,MEA,
FBL,BEF.FBL.002,B,,,248,,,MEA,
FBL,BEF.FBL.002,FW,249,261,,3,,MEA,
FBL,BEF.FBL.002,B,,,256,,,MEA,
FBL,BEF.FBL.002,SV,251,252,,,,MEA,
FBL,BEF.FBL.002,CW,,,252,,,MEA,
FBL,BEF.FBL.002,CW,,,253,,,MEA,
FBL,BEF.FBL.002,O,252,261,,5,,MEA,
FBL,BEF.FBL.002,SC,254,255,,2,,MEA,
FBL,BEF.FBL.002,SC,256,261,,1,,MEA,
FBL,BEF.FBL.002,S,255,256,,1,,MEA,
FBL,BEF.FBL.002,CW,,,257,,,MEA,
FBL,BEF.FBL.002,CW,,,258,,,MEA,
FBL,BEF.FBL.002,CW,,,260,,,MEA,
FBL,BEF.FBL.005,O,293,296,,1,,MEA,
FBL,BEF.FBL.005,SC,293,296,,3,,MEA,
FBL,BEF.FBL.005,S,293,296,,2,,MEA,
FBL,BEF.FBL.005,FW,293,300,,2,,MEA,
FBL,BEF.FBL.005,CW,,,294,,,MEA,
FBL,BEF.FBL.005,SV,295,297,,1,,MEA,
FBL,BEF.FBL.005,O,296,302,,3,,MEA,
FBL,BEF.FBL.005,SC,296,297,,2,,MEA,
FBL,BEF.FBL.005,SC,297,299,,4,,MEA,
FBL,BEF.FBL.005,S,299,300,,5,,MEA,
FBL,BEF.FBL.005,SC,300,302,,4,,MEA,
FBL,BEF.FBL.005,FW,300,302,,1,,MEA,
FBL,BEF.FBL.005,CW,,,301,,,MEA,
FBL,BEF.FBL.005,B,302,308,,5,"""HUGE SHEETS""",MEA,
FBL,BEF.FBL.005,CW,,,303,,,MEA,
FBL,BEF.FBL.005,CW,,,304,,,MEA,
FBL,BEF.FBL.005,CW,,,305,,,MEA,
FBL,BEF.FBL.005,CW,,,306,,,MEA,
FBL,BEF.FBL.005,CW,,,307,,,MEA,
FBL,BEF.FBL.005,CW,,,308,,,MEA,
FBL,BEF.FBL.004,SC,276,279,,5,,MEA,
FBL,BEF.FBL.004,FW,276,283,,4,,MEA,
FBL,BEF.FBL.004,O,276,279,,1,,MEA,
FBL,BEF.FBL.004,CW,,,277,,,MEA,
FBL,BEF.FBL.004,B,,,277,,,MEA,
FBL,BEF.FBL.004,SV,,,278,,,MEA,
FBL,BEF.FBL.004,O,279,283,,5,,MEA,
FBL,BEF.FBL.004,SC,279,283,,3,,MEA,
FBL,BEF.FBL.004,CW,,,280,,,MEA,
FBL,BEF.FBL.004,CW,,,281,,,MEA,
FBL,BEF.FBL.004,SV,,,282,,,MEA,
FBL,BEF.FBL.004,SC,283,289,,4,,MEA,
FBL,BEF.FBL.004,O,283,292,,1,,MEA,
FBL,BEF.FBL.004,FW,283,285,,2,,MEA,
FBL,BEF.FBL.004,FW,285,292,,4,,MEA,
FBL,BEF.FBL.004,CW,,,286,,,MEA,
FBL,BEF.FBL.004,SV,287,288,,2,,MEA,
FBL,BEF.FBL.004,S,289,292,,5,,MEA,
FBL,BEF.FBL.004,CW,,,291,,,MEA,
FBL,BEF.FBL.009,S,376,,,5,UNFINISHED SITE,MEA,
FBL,BEF.FBL.009,SV,376,378,,2,UNFINISHED SITE,MEA,
FBL,BEF.FBL.009,FW,376,,,1,UNFINISHED SITE,MEA,
FBL,BEF.FBL.009,O,376,,,1,UNFINISHED SITE,MEA,
FBL,BEF.FBL.009,SC,377,378,,2,UNFINISHED SITE,MEA,
FBL,BEF.FBL.009,S,378,,,,UNFINISHED SITE,MEA,
FBL,BEF.FBL.009,SV,378,379,,4,UNFINISHED SITE,MEA,
FBL,BEF.FBL.009,SV,379,380,,1,UNFINISHED SITE,MEA,
FBL,BEF.FBL.009,SV,380,,,4,UNFINISHED SITE,MEA,
FBL,BEF.FBL.009,O,380,,,4,UNFINISHED SITE,MEA,
FBL,BEF.FBL.009,CW,380,381,,,UNFINISHED SITE,MEA,
FBL,BEF.FBL.009,FW,843,845,,2,UNFINISHED SITE,MEA,
FBL,BEF.FBL.009,SV,843,845,,1,UNFINISHED SITE,MEA,
FBL,BEF.FBL.009,O,843,1022,,2,UNFINISHED SITE,MEA,
FBL,BEF.FBL.009,G,843,1022,,2,UNFINISHED SITE,MEA,
FBL,BEF.FBL.009,CW,,844,,,UNFINISHED SITE,MEA,
FBL,BEF.FBL.009,SV,845,1022,,2,UNFINISHED SITE,MEA,
FBL,BEF.FBL.010,SV,1022,848,,2,,MEA,
FBL,BEF.FBL.010,C,846,847,,1,,MEA,
FBL,BEF.FBL.010,C,847,848,,2,,MEA,
FBL,BEF.FBL.010,FW,848,850,,1,,MEA,
FBL,BEF.FBL.010,SV,848,851,,1,,MEA,
FBL,BEF.FBL.010,C,848,850,,3,,MEA,
FBL,BEF.FBL.010,C,850,853,,5,,MEA,
FBL,BEF.FBL.010,B,851,854,,1,,MEA,
FBL,BEF.FBL.010,BED,851,854,,2,,MEA,
FBL,BEF.FBL.010,CW,,,852,,,MEA,
FBL,BEF.FBL.010,CW,,,853,,,MEA,
FBL,BEF.FBL.010,FW,853,859,,1,,MEA,
FBL,BEF.FBL.010,BED,856,858,,5,,MEA,
FBL,BEF.FBL.010,S,859,860,,5,,MEA,
FBL,BEF.FBL.010,SV,859,860,,1,,MEA,
FBL,BEF.FBL.010,FW,859,862,,1,,MEA,
FBL,BEF.FBL.010,C,860,861,,2,,MEA,
FBL,BEF.FBL.010,C,861,863,,5,,MEA,
FBL,BEF.FBL.010,FW,862,865,,2,,MEA,
FBL,BEF.FBL.010,C,863,864,,4,,MEA,
FBL,BEF.FBL.010,C,864,865,,3,,MEA,
FBL,BEF.FBL.010,CW,,,865,,,MEA,
FBL,BEF.FBL.010,CW,,,866,,,MEA,
FBL,BEF.FBL.010,B,865,870,,2,,MEA,
FBL,BEF.FBL.010,BED,865,870,,1,,MEA,
FBL,BEF.FBL.010,FW,866,867,,1,,MEA,
FBL,BEF.FBL.010,S,867,868,,4,,MEA,
FBL,BEF.FBL.010,CW,,,849,,,MEA,
FBL,BEF.FBL.010,SV,867,872,,1,,MEA,
FBL,BEF.FBL.010,O,868,870,,1,,MEA,
FBL,BEF.FBL.010,B,,,869,,,MEA,
FBL,BEF.FBL.010,G,868,870,,1,,MEA,
FBL,BEF.FBL.010,FW,870,1023,,1,,MEA,
FBL,BEF.FBL.010,S,870,878,,5,,MEA,
FBL,BEF.FBL.010,CW,,,871,,,MEA,
FBL,BEF.FBL.010,SV,872,873,,3,,MEA,
FBL,BEF.FBL.010,EV,874,875,,1,,MEA,
FBL,BEF.FBL.010,CW,,,876,,,MEA,
FBL,BEF.FBL.010,O,877,879,,2,,MEA,
FBL,BEF.FBL.010,CW,,,877,,,MEA,
FBL,BEF.FBL.010,G,878,1023,,1,,MEA,
FBL,BEF.FBL.010,C,878,882,,1,,MEA,
FBL,BEF.FBL.010,EV,880,881,,1,,MEA,
FBL,BEF.FBL.010,CW,,,882,,,MEA,
FBL,BEF.FBL.010,O,882,1023,,2,,MEA,
FBL,BEF.FBL.010,SV,882,1023,,3,,MEA,
FBL,BEF.FBL.011,G,1023,886,,1,,MEA,
FBL,BEF.FBL.011,O,1023,886,,2,,MEA,
FBL,BEF.FBL.011,SV,1023,884,,3,,MEA,
FBL,BEF.FBL.011,SV,884,889,,4,,MEA,
FBL,BEF.FBL.011,CW,,,885,,,MEA,
FBL,BEF.FBL.011,CW,,,887,,,MEA,
FBL,BEF.FBL.011,CW,,,888,,,MEA,
FBL,BEF.FBL.011,FW,886,889,,2,,MEA,
FBL,BEF.FBL.011,BED,889,890,,3,,MEA,
FBL,BEF.FBL.011,C,890,892,,2,,MEA,
FBL,BEF.FBL.011,SV,890,894,,1,,MEA,
FBL,BEF.FBL.011,FW,890,893,,2,,MEA,
FBL,BEF.FBL.011,O,891,901,,2,,MEA,
FBL,BEF.FBL.011,CW,,,891,,,MEA,
FBL,BEF.FBL.011,CW,,,895,,,MEA,
FBL,BEF.FBL.011,FW,893,897,,4,,MEA,
FBL,BEF.FBL.011,C,893,896,,2,,MEA,
FBL,BEF.FBL.011,SV,894,896,,3,,MEA,
FBL,BEF.FBL.011,CW,,,,896,,MEA,
FBL,BEF.FBL.011,SV,896,908,,1,,MEA,
FBL,BEF.FBL.011,G,896,901,,,,MEA,
FBL,BEF.FBL.011,FW,897,904,,2,,MEA,
FBL,BEF.FBL.011,CW,,,,897,,MEA,
FBL,BEF.FBL.011,CW,,,,989,,MEA,
FBL,BEF.FBL.011,C,899,908,,1,,MEA,
FBL,BEF.FBL.011,EV,900,902,,3,,MEA,
FBL,BEF.FBL.011,O,901,908,,1,,MEA,
FBL,BEF.FBL.011,CW,,,903,,,MEA,
FBL,BEF.FBL.011,CW,,,905,,,MEA,
FBL,BEF.FBL.011,CW,,,906,,,MEA,
FBL,BEF.FBL.011,CW,,,907,,,MEA,
FBL,BEF.FBL.011,FW,904,918,,3,,MEA,
FBL,BEF.FBL.011,O,908,909,,2,,MEA,
FBL,BEF.FBL.011,SV,908,918,,2,,MEA,
FBL,BEF.FBL.011,C,908,916,,1,,MEA,
FBL,BEF.FBL.011,O,909,911,,3,,MEA,
FBL,BEF.FBL.011,O,911,916,,1,,MEA,
FBL,BEF.FBL.011,CW,,,911,,,MEA,
FBL,BEF.FBL.011,CW,,,912,,,MEA,
FBL,BEF.FBL.011,EV,913,914,,1,,MEA,
FBL,BEF.FBL.011,CW,,,917,,,MEA,
FBL,BEF.FBL.011,C,918,1024,,3,,MEA,
FBL,BEF.FBL.011,SV,918,1024,,1,,MEA,
FBL,BEF.FBL.011,S,918,1024,,2,,MEA,
FBL,BEF.FBL.011,FW,918,1024,,2,,MEA,
FBL,BEF.FBL.011,B,,,919,,,MEA,
FBL,BEF.FBL.012,C,1024,920,,3,,MEA,
FBL,BEF.FBL.012,SV,1024,921,,1,,MEA,
FBL,BEF.FBL.012,S,1024,920,,2,,MEA,
FBL,BEF.FBL.012,FW,1024,923,,2,,MEA,
FBL,BEF.FBL.012,SV,921,926,,2,,MEA,
FBL,BEF.FBL.012,O,922,929,,2,,MEA,
FBL,BEF.FBL.012,S,920,926,,5,,MEA,
FBL,BEF.FBL.012,FW,923,929,,3,,MEA,
FBL,BEF.FBL.012,CW,,,924,,,MEA,
FBL,BEF.FBL.012,CW,,,925,,,MEA,
FBL,BEF.FBL.012,CW,,,927,,,MEA,
FBL,BEF.FBL.012,C,926,930,,2,,MEA,
FBL,BEF.FBL.012,CW,,,928,,,MEA,
FBL,BEF.FBL.012,O,929,935,,4,,MEA,
FBL,BEF.FBL.012,SV,929,949,,1,,MEA,
FBL,BEF.FBL.012,FW,929,957,,1,,MEA,
FBL,BEF.FBL.012,C,930,931,,4,,MEA,
FBL,BEF.FBL.012,CW,,,932,,,MEA,
FBL,BEF.FBL.012,CW,,,933,,,MEA,
FBL,BEF.FBL.012,CW,,,934,,,MEA,
FBL,BEF.FBL.012,CW,,,936,,,MEA,
FBL,BEF.FBL.012,CW,,,935,,,MEA,
FBL,BEF.FBL.012,O,935,941,,5,,MEA,
FBL,BEF.FBL.012,CW,,,937,,,MEA,
FBL,BEF.FBL.012,CW,,,938,,,MEA,
FBL,BEF.FBL.012,CW,,,939,,,MEA,
FBL,BEF.FBL.012,CW,,,940,,,MEA,
FBL,BEF.FBL.012,O,941,955,,4,,MEA,
FBL,BEF.FBL.012,CW,,,954,,,MEA,
FBL,BEF.FBL.012,EV,952,953,,3,,MEA,
FBL,BEF.FBL.012,SV,952,965,,2,,MEA,
FBL,BEF.FBL.012,G,953,955,,2,,MEA,
FBL,BEF.FBL.012,CW,,,942,,,MEA,
FBL,BEF.FBL.012,CW,,,943,,,MEA,
FBL,BEF.FBL.012,CW,,,944,,,MEA,
FBL,BEF.FBL.012,CW,,,945,,,MEA,
FBL,BEF.FBL.012,CW,,,946,,,MEA,
FBL,BEF.FBL.012,CW,,,947,,,MEA,
FBL,BEF.FBL.012,CW,,,948,,,MEA,
FBL,BEF.FBL.012,CW,949,950,,5,,MEA,
FBL,BEF.FBL.012,CW,951,952,,,,MEA,
FBL,BEF.FBL.012,O,955,959,,3,,MEA,
FBL,BEF.FBL.012,CW,,,956,,,MEA,
FBL,BEF.FBL.012,CW,,,958,,,MEA,
FBL,BEF.FBL.012,FW,957,964,,3,,MEA,
FBL,BEF.FBL.012,O,959,965,,3,,MEA,
FBL,BEF.FBL.012,EV,960,961,,1,,MEA,
FBL,BEF.FBL.012,EV,962,963,,1,,MEA,
FBL,BEF.FBL.012,S,962,964,,1,,MEA,
FBL,BEF.FBL.012,C,964,1025,,2,,MEA,
FBL,BEF.FBL.012,O,965,1025,,2,,MEA,
FBL,BEF.FBL.012,FW,964,1025,,1,,MEA,
FBL,BEF.FBL.012,SV,965,1025,,2,,MEA,
FBL,BEF.FBL.013,C,1025,969,,1,,MEA,
FBL,BEF.FBL.013,O,1025,966,,2,,MEA,
FBL,BEF.FBL.013,SV,1025,973,,2,,MEA,
FBL,BEF.FBL.013,FW,1025,1026,,1,,MEA,
FBL,BEF.FBL.013,CW,,,966,,,MEA,
FBL,BEF.FBL.013,EV,967,970,,1,,MEA,
FBL,BEF.FBL.013,O,966,972,,4,,MEA,
FBL,BEF.FBL.013,C,971,972,,1,,MEA,
FBL,BEF.FBL.013,EV,972,975,,1,,MEA,
FBL,BEF.FBL.013,S,973,974,,4,,MEA,
FBL,BEF.FBL.013,C,973,974,,1,,MEA,
FBL,BEF.FBL.013,SV,973,1026,,1,,MEA,
FBL,BEF.FBL.013,O,973,974,,2,,MEA,
FBL,BEF.FBL.013,O,974,977,,3,,MEA,
FBL,BEF.FBL.013,CW,,,976,,,MEA,
FBL,BEF.FBL.013,O,977,978,,4,,MEA,
FBL,BEF.FBL.013,O,978,979,,3,,MEA,
FBL,BEF.FBL.013,O,979,980,,4,,MEA,
FBL,BEF.FBL.013,O,980,1026,,5,,MEA,
FBL,BEF.FBL.013,EV,981,1026,,1,,MEA,
FBL,BEF.FBL.013,S,974,1026,,5,,MEA,
FBL,BEF.FBL.014,SV,1026,989,,1,,MEA,
FBL,BEF.FBL.014,O,1026,990,,5,,MEA,
FBL,BEF.FBL.014,EV,1026,996,,1,,MEA,
FBL,BEF.FBL.014,S,1026,1027,,5,,MEA,
FBL,BEF.FBL.014,CW,,,986,,,MEA,
FBL,BEF.FBL.014,CW,,,987,,,MEA,
FBL,BEF.FBL.014,CW,,,988,,,MEA,
FBL,BEF.FBL.014,SV,989,990,,2,,MEA,
FBL,BEF.FBL.014,O,990,992,,1,,MEA,
FBL,BEF.FBL.014,SV,991,1027,,1,,MEA,
FBL,BEF.FBL.014,O,992,993,,3,,MEA,
FBL,BEF.FBL.014,O,993,994,,4,,MEA,
FBL,BEF.FBL.014,O,994,1027,,3,,MEA,
FBL,BEF.FBL.014,CW,,,995,,,MEA,
FBL,BEF.FBL.015,S,1027,1012,,5,,MEA,
FBL,BEF.FBL.015,SV,1027,1003,,1,,MEA,
FBL,BEF.FBL.015,O,1027,1004,,3,,MEA,
FBL,BEF.FBL.015,EV,997,988,,1,,MEA,
FBL,BEF.FBL.015,FW,997,1003,,1,,MEA,
FBL,BEF.FBL.015,CW,,,998,,,MEA,
FBL,BEF.FBL.015,EV,999,1003,,1,,MEA,
FBL,BEF.FBL.015,CW,,,1000,,,MEA,
FBL,BEF.FBL.015,CW,,,1001,,,MEA,
FBL,BEF.FBL.015,CW,,,1002,,,MEA,
FBL,BEF.FBL.015,EV,1003,1006,,1,,MEA,
FBL,BEF.FBL.015,O,1004,1008,,3,,MEA,
FBL,BEF.FBL.015,SV,1003,1028,,2,,MEA,
FBL,BEF.FBL.015,CW,,,1005,,,MEA,
FBL,BEF.FBL.015,EV,1007,1011,,1,,MEA,
FBL,BEF.FBL.015,O,1008,1012,,5,,MEA,
FBL,BEF.FBL.015,FW,1009,1028,,2,,MEA,
FBL,BEF.FBL.015,CW,,,1010,,,MEA,
FBL,BEF.FBL.015,O,1012,1028,,3,,MEA,
FBL,BEF.FBL.015,G,1012,1028,,2,,MEA,
FBL,BEF.FBL.001,SV,1028,1018,,2,,MEA,
FBL,BEF.FBL.001,FW,1028,1014,,2,,MEA,
FBL,BEF.FBL.001,O,1028,1014,,3,,MEA,
FBL,BEF.FBL.001,G,1028,1015,,2,,MEA,
FBL,BEF.FBL.001,EV,1016,1018,,1,,MEA,
FBL,BEF.FBL.001,FW,1014,1019,,3,,MEA,
FBL,BEF.FBL.001,O,1014,1017,,3,,MEA,
FBL,BEF.FBL.001,C,1015,1016,,1,,MEA,
FBL,BEF.FBL.001,C,1016,1017,,4,,MEA,
FBL,BEF.FBL.001,O,1017,1018,,4,,MEA,
FBL,BEF.FBL.001,EV,1018,1020,,1,,MEA,
FBL,BEF.FBL.001,SV,1018,1019,,3,,MEA,
FBL,BEF.FBL.001,SV,1019,1020,,3,,MEA,
FBL,BEF.FBL.001,O,1018,1020,,4,,MEA,
FBL,BEF.FBL.002,O,1023,1027,,4,,RJS,
FBL,BEF.FBL.002,O,1027,1029,,2,,RJS,
FBL,BEF.FBL.002,O,1029,1038,,4,,RJS,
FBL,BEF.FBL.002,S,1023,1025,,1,,RJS,
FBL,BEF.FBL.002,EV,1223,1225,,1,,RJS,
FBL,BEF.FBL.002,FW,1223,1225,,1,,RJS,
FBL,BEF.FBL.002,B,,,1224,,,RJS,
FBL,BEF.FBL.002,SC,1225,1226,,1,,RJS,
FBL,BEF.FBL.002,FW,1226,1227,,1,,RJS,
FBL,BEF.FBL.002,EV,1226,1227,,1,,RJS,
FBL,BEF.FBL.002,SV,1227,1228,,2,,RJS,
FBL,BEF.FBL.002,FW,1227,1229,,2,,RJS,
FBL,BEF.FBL.002,B,,,1229,,,RJS,
FBL,BEF.FBL.002,EV,1229,1232,,2,,RJS,
FBL,BEF.FBL.002,FW,1229,1232,,3,,RJS,
FBL,BEF.FBL.002,S,1229,1233,,1,,RJS,
FBL,BEF.FBL.002,CW,,,1229,,,RJS,
FBL,BEF.FBL.002,CW,,,1230,,,RJS,
FBL,BEF.FBL.002,B,,,1231,,,RJS,
FBL,BEF.FBL.002,FW,1232,1233,,2,,RJS,
FBL,BEF.FBL.002,SV,1232,1233,,1,,RJS,
FBL,BEF.FBL.002,SC,1233,1237,,1,,RJS,
FBL,BEF.FBL.002,FW,1233,1234,,1,,RJS,
FBL,BEF.FBL.002,EV,1234,1236,,1,,RJS,
FBL,BEF.FBL.002,FW,1234,1236,,3,,RJS,
FBL,BEF.FBL.002,CW,,,1234,,,RJS,
FBL,BEF.FBL.002,CW,,,1235,,,RJS,
FBL,BEF.FBL.002,CW,,,1236,,,RJS,
FBL,BEF.FBL.002,FW,1236,1238,,2,,RJS,
FBL,BEF.FBL.002,SC,1237,1238,,1,,RJS,
FBL,BEF.FBL.002,SV,1237,1238,,1,,RJS,
FBL,BEF.FBL.007,O,1294,1297,,1,,RJS,
FBL,BEF.FBL.007,O,1297,1309,,3,,RJS,
FBL,BEF.FBL.007,O,1309,1315,,4,,RJS,
FBL,BEF.FBL.007,SV,1294,1297,,2,,RJS,
FBL,BEF.FBL.007,EV,1294,1297,,3,,RJS,
FBL,BEF.FBL.007,FW,1294,1299,,2,,RJS,
FBL,BEF.FBL.007,S,1294,1304,,4,,RJS,
FBL,BEF.FBL.007,CW,,,1296,,,RJS,
FBL,BEF.FBL.007,CW,,,1297,,,RJS,
FBL,BEF.FBL.007,CW,,,1298,,,RJS,
FBL,BEF.FBL.007,FW,1299,1300,,1,,RJS,
FBL,BEF.FBL.007,CW,,,1300,,,RJS,
FBL,BEF.FBL.007,CW,,,1301,,,RJS,
FBL,BEF.FBL.007,CW,,,1302,,,RJS,
FBL,BEF.FBL.007,FW,1300,1301,,2,,RJS,
FBL,BEF.FBL.007,EV,1300,1301,,1,,RJS,
FBL,BEF.FBL.007,SV,1300,1301,,1,,RJS,
FBL,BEF.FBL.007,FW,1301,1303,,1,,RJS,
FBL,BEF.FBL.007,SC,1303,1307,,2,,RJS,
FBL,BEF.FBL.007,SV,1303,1304,,1,,RJS,
FBL,BEF.FBL.007,SV,1305,1307,,2,,RJS,
FBL,BEF.FBL.007,FW,1304,1314,,1,,RJS,
FBL,BEF.FBL.007,CW,,,1306,,,RJS,
FBL,BEF.FBL.007,CW,,,1307,,,RJS,
FBL,BEF.FBL.007,EV,1307,1308,,2,,RJS,
FBL,BEF.FBL.007,SV,1307,1308,,4,,RJS,
FBL,BEF.FBL.007,S,1307,1309,,1,,RJS,
FBL,BEF.FBL.007,EV,1308,1310,,1,,RJS,
FBL,BEF.FBL.007,SV,1308,1309,,2,,RJS,
FBL,BEF.FBL.007,SC,1309,1310,,1,,RJS,
FBL,BEF.FBL.007,SV,1309,1310,,1,,RJS,
FBL,BEF.FBL.007,S,1310,1311,,1,,RJS,
FBL,BEF.FBL.007,CW,,,1311,,,RJS,
FBL,BEF.FBL.007,CW,,,1312,,,RJS,
FBL,BEF.FBL.007,CW,,,1313,,,RJS,
FBL,BEF.FBL.007,SC,1311,1314,,1,,RJS,
FBL,BEF.FBL.007,EV,1311,1314,,1,,RJS,
FBL,BEF.FBL.007,EV,1314,1315,,3,,RJS,
FBL,BEF.FBL.007,SV,1311,1314,,1,,RJS,
FBL,BEF.FBL.007,SV,1314,1315,,3,,RJS,
FBL,BEF.FBL.007,FW,1314,1315,,2,,RJS,
FBL,BEF.FBL.007,S,1314,1315,,1,,RJS,
FBL,BEF.FBL.006,O,1271,1272,,1,,RJS,
FBL,BEF.FBL.006,O,1272,1289,,2,,RJS,
FBL,BEF.FBL.006,O,1289,1295,,1,,RJS,
FBL,BEF.FBL.006,CW,,,1272,,,RJS,
FBL,BEF.FBL.006,FW,1271,1272,,3,,RJS,
FBL,BEF.FBL.006,B,1271,1278,,5,,RJS,
FBL,BEF.FBL.006,FW,1272,1275,,1,,RJS,
FBL,BEF.FBL.006,CW,,,1273,,,RJS,
FBL,BEF.FBL.006,CW,,,1274,,,RJS,
FBL,BEF.FBL.006,CW,,,1275,,,RJS,
FBL,BEF.FBL.006,FW,1275,1276,,2,,RJS,
FBL,BEF.FBL.006,CW,,,1276,,,RJS,
FBL,BEF.FBL.006,CW,,,1277,,,RJS,
FBL,BEF.FBL.006,FW,1276,1278,,1,,RJS,
FBL,BEF.FBL.006,SC,1278,1282,,3,,RJS,
FBL,BEF.FBL.006,FW,1278,1280,,3,,RJS,
FBL,BEF.FBL.006,CW,,,1279,,,RJS,
FBL,BEF.FBL.006,CW,,,1281,,,RJS,
FBL,BEF.FBL.006,CW,,,1282,,,RJS,
FBL,BEF.FBL.006,SV,1280,1282,,1,,RJS,
FBL,BEF.FBL.006,FW,1280,1284,,2,,RJS,
FBL,BEF.FBL.006,B,,,1282,,,RJS,
FBL,BEF.FBL.006,B,1282,1290,,5,,RJS,
FBL,BEF.FBL.006,C,1282,1286,,2,,RJS,
FBL,BEF.FBL.006,CW,,,1283,,,RJS,
FBL,BEF.FBL.006,FW,1284,1289,,2,,RJS,
FBL,BEF.FBL.006,CW,,,1285,,,RJS,
FBL,BEF.FBL.006,CW,,,1287,,,RJS,
FBL,BEF.FBL.006,C,1286,1288,,2,,RJS,
FBL,BEF.FBL.006,SC,1288,1289,,3,,RJS,
FBL,BEF.FBL.006,SC,1289,1290,,4,,RJS,
FBL,BEF.FBL.006,FW,1289,1293,,1,,RJS,
FBL,BEF.FBL.006,S,1290,1295,,4,,RJS,
FBL,BEF.FBL.006,SV,1290,1293,,1,,RJS,
FBL,BEF.FBL.006,CW,,,1291,,,RJS,
FBL,BEF.FBL.006,SV,1293,1295,,2,,RJS,
FBL,BEF.FBL.006,FW,1293,1295,,2,,RJS,
FBL,BEF.FBL.006,CW,,,1294,,,RJS,
FBL,BEF.FBL.003,O,1238,1241,,4,,MPP,
FBL,BEF.FBL.003,O,1241,1245,,2,,MPP,
FBL,BEF.FBL.003,O,1245,1248,,5,,MPP,
FBL,BEF.FBL.003,S,1238,1240,,1,,MPP,
FBL,BEF.FBL.003,FW,1238,1240,,2,,MPP,
FBL,BEF.FBL.003,EV,1238,1241,,1,,MPP,
FBL,BEF.FBL.003,CW,,,1239,,,MPP,
FBL,BEF.FBL.003,SC,1241,1244,,3,,MPP,
FBL,BEF.FBL.003,FW,1242,1245,,3,,MPP,
FBL,BEF.FBL.003,SV,1243,1245,,1,,MPP,
FBL,BEF.FBL.003,CW,,,1244,,,MPP,
FBL,BEF.FBL.003,CW,,,1245,,,MPP,
FBL,BEF.FBL.003,FW,1246,1247,,1,,MPP,
FBL,BEF.FBL.003,C,1244,1247,,1,,MPP,
FBL,BEF.FBL.005,O,1257,1259,,1,,MPP,
FBL,BEF.FBL.005,O,1259,1266,,3,,MPP,
FBL,BEF.FBL.005,O,1266,1271,,4,,MPP,
FBL,BEF.FBL.005,FW,1257,1259,,3,,MPP,
FBL,BEF.FBL.005,SC,1257,1259,,4,,MPP,
FBL,BEF.FBL.005,CW,,,1258,,,MPP,
FBL,BEF.FBL.005,FW,1259,1260,,2,,MPP,
FBL,BEF.FBL.005,EV,1259,1260,,1,,MPP,
FBL,BEF.FBL.005,S,1260,1261,,2,,MPP,
FBL,BEF.FBL.005,C,1261,1261,,3,,MPP,
FBL,BEF.FBL.005,FW,1261,1262,,1,,MPP,
FBL,BEF.FBL.005,S,1263,1267,,4,,MPP,
FBL,BEF.FBL.005,FW,1263,1265,,3,,MPP,
FBL,BEF.FBL.005,B,,,1263,,,MPP,
FBL,BEF.FBL.005,FW,1265,1267,,1,,MPP,
FBL,BEF.FBL.005,C,1266,1267,,1,,MPP,
FBL,BEF.FBL.005,SC,1267,1269,,3,,MPP,
FBL,BEF.FBL.005,B,,,1268,,,MPP,
FBL,BEF.FBL.005,C,1269,1270,,1,,MPP,
FBL,BEF.FBL.005,B,,,1270,,,MPP,
FBL,BEF.FBL.005,FW,1270,1271,,4,,MPP,
FBL,BEF.FBL.004,O,1248,1256,,3,,MPP,
FBL,BEF.FBL.004,O,1256,1257,,1,,MPP,
FBL,BEF.FBL.004,FW,1248,1251,,4,,MPP,
FBL,BEF.FBL.004,SC,1248,1251,,2,,MPP,
FBL,BEF.FBL.004,B,,,1249,,,MPP,
FBL,BEF.FBL.004,CW,,,1250,,,MPP,
FBL,BEF.FBL.004,C,1251,1252,,2,,MPP,
FBL,BEF.FBL.004,EV,1251,1252,,1,,MPP,
FBL,BEF.FBL.004,C,1252,1254,,4,,MPP,
FBL,BEF.FBL.004,CW,,,1253,,,MPP,
FBL,BEF.FBL.004,SC,1254,1257,,4,,MPP,
FBL,BEF.FBL.004,CW,,,1256,,,MPP,
FBL,BEF.FBL.004,B,,,1257,,,MPP,
FBL,BEF.FBL.004,SC,1256,1257,,4,,MPP,
FBL,BEF.FBL.004,FW,1256,1257,,3,,MPP,
FBL,BEF.FBL.008,FW,1315,1317,,1,,MPP,
FBL,BEF.FBL.008,SV,1315,1332,,1,,MPP,
FBL,BEF.FBL.008,C,1315,1318,,1,,MPP,
FBL,BEF.FBL.008,EV,1315,1322,,1,,MPP,
FBL,BEF.FBL.008,O,1315,1328,,3,,MPP,
FBL,BEF.FBL.008,S,1316,1319,,1,,MPP,
FBL,BEF.FBL.008,FW,1317,1324,,2,,MPP,
FBL,BEF.FBL.008,C,1318,1320,,4,,MPP,
FBL,BEF.FBL.008,S,1319,1327,,3,,MPP,
FBL,BEF.FBL.008,C,1320,1321,,1,,MPP,
FBL,BEF.FBL.008,C,1321,1323,,4,,MPP,
FBL,BEF.FBL.008,B,,,1323,,,MPP,
FBL,BEF.FBL.008,FW,1324,1325,,4,,MPP,
FBL,BEF.FBL.008,FW,1325,1330,,2,,MPP,
FBL,BEF.FBL.008,C,1326,1329,,2,,MPP,
FBL,BEF.FBL.008,S,1327,1332,,4,,MPP,
FBL,BEF.FBL.008,O,1328,1332,,4,,MPP,
FBL,BEF.FBL.008,C,1329,1332,,1,,MPP,
FBL,BEF.FBL.008,FW,1330,1332,,1,,MPP,
FBL,BEF.FBL.008,B,,,1331,,,MPP,
FBL,BEF.FBL.009,O,1332,,,1,UNFINISHED SITE,MPP,
FBL,BEF.FBL.009,S,1332,,,4,UNFINISHED SITE,MPP,
FBL,BEF.FBL.009,FW,1332,1334,,1,UNFINISHED SITE,MPP,
FBL,BEF.FBL.009,EV,1332,1336,,1,UNFINISHED SITE,MPP,
FBL,BEF.FBL.009,C,1332,1333,,1,UNFINISHED SITE,MPP,
FBL,BEF.FBL.009,SV,1332,,,2,UNFINISHED SITE,MPP,
FBL,BEF.FBL.009,C,1333,1335,,3,UNFINISHED SITE,MPP,
FBL,BEF.FBL.009,C,1335,,,1,UNFINISHED SITE,MPP,
FBL,BEF.FBL.009,EV,1337,1337,,1,UNFINISHED SITE,MPP,
FBL,BEF.FBL.009,O,1338,,,4,UNFINISHED SITE,MPP,
LML,BEF.023,SCD,3,32,,,"COBBLES, DENSE",MEA,garmin_lml_hab_day1
LML,BEF.023,A,3,6,,,,MEA,garmin_lml_hab_day1
LML,BEF.023,FW,3,32,,,,MEA,garmin_lml_hab_day1
LML,BEF.023,CW,,,4,,,MEA,garmin_lml_hab_day1
LML,BEF.023,CW,,,5,,,MEA,garmin_lml_hab_day1
LML,BEF.023,A,8,13,,,,MEA,garmin_lml_hab_day1
LML,BEF.023,CW,,,9,,,MEA,garmin_lml_hab_day1
LML,BEF.023,CW,,,10,,,MEA,garmin_lml_hab_day1
LML,BEF.023,CW,,,11,,,MEA,garmin_lml_hab_day1
LML,BEF.023,CW,,,12,,,MEA,garmin_lml_hab_day1
LML,BEF.023,CW,,,13,,,MEA,garmin_lml_hab_day1
LML,BEF.023,CW,,,14,,,MEA,garmin_lml_hab_day1
LML,BEF.023,CW,,,15,,,MEA,garmin_lml_hab_day1
LML,BEF.023,A,14,16,,,,MEA,garmin_lml_hab_day1
LML,BEF.023,O,16,17,,,,MEA,garmin_lml_hab_day1
LML,BEF.023,CW,,,17,,,MEA,garmin_lml_hab_day1
LML,BEF.023,CW,,,18,,,MEA,garmin_lml_hab_day1
LML,BEF.023,CW,,,19,,,MEA,garmin_lml_hab_day1
LML,BEF.023,CW,,,20,,,MEA,garmin_lml_hab_day1
LML,BEF.023,O,20,24,,,,MEA,garmin_lml_hab_day1
LML,BEF.023,CW,,,21,,,MEA,garmin_lml_hab_day1
LML,BEF.023,A,22,30,,,,MEA,garmin_lml_hab_day1
LML,BEF.023,CW,,,23,,,MEA,garmin_lml_hab_day1
LML,BEF.023,CW,,,25,,,MEA,garmin_lml_hab_day1
LML,BEF.023,CW,,,26,,,MEA,garmin_lml_hab_day1
LML,BEF.023,CW,,,27,,,MEA,garmin_lml_hab_day1
LML,BEF.023,CW,,,29,,,MEA,garmin_lml_hab_day1
LML,BEF.023,O,28,29,,,,MEA,garmin_lml_hab_day1
LML,BEF.023,O,30,32,,,,MEA,garmin_lml_hab_day1
LML,BEF.023,A,31,32,,,,MEA,garmin_lml_hab_day1
LML,BEF.024,SCS,34,43,,,SCARCE COBBLES,MEA,garmin_lml_hab_day1
LML,BEF.024,A,34,35,,,,MEA,garmin_lml_hab_day1
LML,BEF.024,FW,34,43,,,,MEA,garmin_lml_hab_day1
LML,BEF.024,A,37,40,,,,MEA,garmin_lml_hab_day1
LML,BEF.024,CW,,,38,,,MEA,garmin_lml_hab_day1
LML,BEF.024,CW,,,39,,,MEA,garmin_lml_hab_day1
LML,BEF.024,O,40,44,,,,MEA,garmin_lml_hab_day1
LML,BEF.024,A,41,42,,,,MEA,garmin_lml_hab_day1
LML,BEF.024,SCD,43,45,,,DENSE COBBLES,MEA,garmin_lml_hab_day1
LML,BEF.024,A,45,56,,,,MEA,garmin_lml_hab_day1
LML,BEF.024,O,45,MISSING,,,,MEA,garmin_lml_hab_day1
LML,BEF.024,SCS,45,55,,,,MEA,garmin_lml_hab_day1
LML,BEF.024,CW,,,47,,,MEA,garmin_lml_hab_day1
LML,BEF.024,CW,,,48,,,MEA,garmin_lml_hab_day1
LML,BEF.024,CW,,,49,,,MEA,garmin_lml_hab_day1
LML,BEF.024,CW,,,50,,,MEA,garmin_lml_hab_day1
LML,BEF.024,CW,,,51,,,MEA,garmin_lml_hab_day1
LML,BEF.024,CW,,,52,,,MEA,garmin_lml_hab_day1
LML,BEF.024,CW,,,53,,,MEA,garmin_lml_hab_day1
LML,BEF.024,CW,,,54,,,MEA,garmin_lml_hab_day1
LML,BEF.024,C,,,55,,pile of large cobbles,MEA,garmin_lml_hab_day1
LML,BEF.024,SCD,55,62,,,MANY DENSE LARGE COBBLES,MEA,garmin_lml_hab_day1
LML,BEF.024,C,,,57,,BED OF DENSE COBBLES,MEA,garmin_lml_hab_day1
LML,BEF.024,SV,,,58,,,MEA,garmin_lml_hab_day1
LML,BEF.024,B,59,60,,,BOULDER BED,MEA,garmin_lml_hab_day1
LML,BEF.024,O,61,62,,,,MEA,garmin_lml_hab_day1
LML,BEF.025,SCD,62,63,,,,MEA,garmin_lml_hab_day1
LML,BEF.025,FW,62,63,,,,MEA,garmin_lml_hab_day1
LML,BEF.025,O,62,63,,,,MEA,garmin_lml_hab_day1
LML,BEF.025,S,63,115,,,,MEA,garmin_lml_hab_day1
LML,BEF.025,EV,,,64,,,MEA,garmin_lml_hab_day1
LML,BEF.025,O,65,115,,,,MEA,garmin_lml_hab_day1
LML,BEF.025,FW,65,115,,,,MEA,garmin_lml_hab_day1
LML,BEF.025,CW,,,66,,,MEA,garmin_lml_hab_day1
LML,BEF.025,CW,,,67,,,MEA,garmin_lml_hab_day1
LML,BEF.025,CW,,,68,,,MEA,garmin_lml_hab_day1
LML,BEF.025,CW,,,69,,,MEA,garmin_lml_hab_day1
LML,BEF.025,CW,,,70,,,MEA,garmin_lml_hab_day1
LML,BEF.025,CW,,,71,,,MEA,garmin_lml_hab_day1
LML,BEF.025,CW,,,72,,,MEA,garmin_lml_hab_day1
LML,BEF.025,A,73,91,,,,MEA,garmin_lml_hab_day1
LML,BEF.025,CW,,,74,,,MEA,garmin_lml_hab_day1
LML,BEF.025,CW,,,75,,,MEA,garmin_lml_hab_day1
LML,BEF.025,CW,,,76,,,MEA,garmin_lml_hab_day1
LML,BEF.025,CW,,,77,,,MEA,garmin_lml_hab_day1
LML,BEF.025,CW,,,78,,,MEA,garmin_lml_hab_day1
LML,BEF.025,CW,,,79,,,MEA,garmin_lml_hab_day1
LML,BEF.025,CW,,,80,,,MEA,garmin_lml_hab_day1
LML,BEF.025,CW,,,81,,,MEA,garmin_lml_hab_day1
LML,BEF.025,CW,,,82,,,MEA,garmin_lml_hab_day1
LML,BEF.025,CW,,,83,,,MEA,garmin_lml_hab_day1
LML,BEF.025,CW,,,84,,,MEA,garmin_lml_hab_day1
LML,BEF.025,CW,,,85,,,MEA,garmin_lml_hab_day1
LML,BEF.025,CW,,,86,,,MEA,garmin_lml_hab_day1
LML,BEF.025,CW,,,87,,,MEA,garmin_lml_hab_day1
LML,BEF.025,CW,,,88,,,MEA,garmin_lml_hab_day1
LML,BEF.025,CW,,,89,,,MEA,garmin_lml_hab_day1
LML,BEF.025,CW,,,90,,,MEA,garmin_lml_hab_day1
LML,BEF.025,CW,,,92,,,MEA,garmin_lml_hab_day1
LML,BEF.025,CW,,,93,,,MEA,garmin_lml_hab_day1
LML,BEF.025,CW,,,94,,,MEA,garmin_lml_hab_day1
LML,BEF.025,SV,100,105,,,,MEA,garmin_lml_hab_day1
LML,BEF.025,BOULDER,,,100,,,MEA,garmin_lml_hab_day1
LML,BEF.025,BOULDER,,,101,,,MEA,garmin_lml_hab_day1
LML,BEF.025,CW,,,96,,,MEA,garmin_lml_hab_day1
LML,BEF.025,CW,,,97,,,MEA,garmin_lml_hab_day1
LML,BEF.025,CW,,,98,,,MEA,garmin_lml_hab_day1
LML,BEF.025,CW,,,99,,,MEA,garmin_lml_hab_day1
LML,BEF.025,CW,,,102,,,MEA,garmin_lml_hab_day1
LML,BEF.025,CW,,,103,,,MEA,garmin_lml_hab_day1
LML,BEF.025,CW,,,104,,,MEA,garmin_lml_hab_day1
LML,BEF.025,CW,,,105,,,MEA,garmin_lml_hab_day1
LML,BEF.025,CW,,,106,,,MEA,garmin_lml_hab_day1
LML,BEF.025,CW,,,107,,,MEA,garmin_lml_hab_day1
LML,BEF.025,CW,,,108,,,MEA,garmin_lml_hab_day1
LML,BEF.025,CW,,,109,,,MEA,garmin_lml_hab_day1
LML,BEF.025,CW,,,110,,,MEA,garmin_lml_hab_day1
LML,BEF.025,CW,,,111,,,MEA,garmin_lml_hab_day1
LML,BEF.025,CW,,,112,,,MEA,garmin_lml_hab_day1
LML,BEF.025,SV,,,113,,,MEA,garmin_lml_hab_day1
LML,BEF.025,A,113,115,,,,MEA,garmin_lml_hab_day1
LML,BEF.025,CW,,,114,,,MEA,garmin_lml_hab_day1
LML,BEF.026,B,115,116,,,,MEA,garmin_lml_hab_day1
LML,BEF.027,SC,116,144,,,,MEA,garmin_lml_hab_day1
LML,BEF.027,O,116,144,,,,MEA,garmin_lml_hab_day1
LML,BEF.027,SV,116,144,,,,MEA,garmin_lml_hab_day1
LML,BEF.027,FW,116,144,,,,MEA,garmin_lml_hab_day1
LML,BEF.027,B,,,118,,,MEA,garmin_lml_hab_day1
LML,BEF.027,CW,,,119,,,MEA,garmin_lml_hab_day1
LML,BEF.027,CW,,,120,,,MEA,garmin_lml_hab_day1
LML,BEF.027,CW,,,121,,,MEA,garmin_lml_hab_day1
LML,BEF.027,CW,,,122,,,MEA,garmin_lml_hab_day1
LML,BEF.027,CW,,,123,,,MEA,garmin_lml_hab_day1
LML,BEF.027,CW,,,124,,,MEA,garmin_lml_hab_day1
LML,BEF.027,CW,,,125,,,MEA,garmin_lml_hab_day1
LML,BEF.027,CW,,,126,,,MEA,garmin_lml_hab_day1
LML,BEF.027,B,,,127,,,MEA,garmin_lml_hab_day1
LML,BEF.027,CW,,,128,,,MEA,garmin_lml_hab_day1
LML,BEF.027,CW,,,129,,,MEA,garmin_lml_hab_day1
LML,BEF.027,CW,,,130,,,MEA,garmin_lml_hab_day1
LML,BEF.027,CW,,,131,,,MEA,garmin_lml_hab_day1
LML,BEF.027,B,,,134,,,MEA,garmin_lml_hab_day1
LML,BEF.027,CW,,,135,,,MEA,garmin_lml_hab_day1
LML,BEF.027,CW,,,136,,,MEA,garmin_lml_hab_day1
LML,BEF.027,CW,,,137,,,MEA,garmin_lml_hab_day1
LML,BEF.027,CW,,,138,,,MEA,garmin_lml_hab_day1
LML,BEF.027,B,,,138,,,MEA,garmin_lml_hab_day1
LML,BEF.027,CW,,,139,,,MEA,garmin_lml_hab_day1
LML,BEF.027,CW,,,140,,,MEA,garmin_lml_hab_day1
LML,BEF.027,CW,,,141,,,MEA,garmin_lml_hab_day1
LML,BEF.027,CW,,,142,,,MEA,garmin_lml_hab_day1
LML,BEF.027,CW,,,143,,,MEA,garmin_lml_hab_day1
LML,BEF.027,CW,,,144,,,MEA,garmin_lml_hab_day1
LML,BEF.028,SCD,144,150,,,,MEA,garmin_lml_hab_day1
LML,BEF.028,CW,,,145,,,MEA,garmin_lml_hab_day1
LML,BEF.028,CW,,,146,,,MEA,garmin_lml_hab_day1
LML,BEF.028,CW,,,147,,,MEA,garmin_lml_hab_day1
LML,BEF.028,CW,,,148,,,MEA,garmin_lml_hab_day1
LML,BEF.028,CW,,,149,,,MEA,garmin_lml_hab_day1
LML,BEF.028,CW,,,150,,,MEA,garmin_lml_hab_day1
LML,BEF.028,CW,,,151,,,MEA,garmin_lml_hab_day1
LML,BEF.028,SV,145,155,,,,MEA,garmin_lml_hab_day1
LML,BEF.028,O,144,155,,,,MEA,garmin_lml_hab_day1
LML,BEF.028,FW,144,155,,,,MEA,garmin_lml_hab_day1
LML,BEF.028,S,150,155,,,HEAVILY ORGANIC SEDIMENT,MEA,garmin_lml_hab_day1
LML,BEF.028,CW,,,152,,,MEA,garmin_lml_hab_day1
LML,BEF.028,B,155,156,,,,MEA,garmin_lml_hab_day1
LML,BEF.028,S,156,158,,,HEAVILY ORGANIC SEDIMENT,MEA,garmin_lml_hab_day1
LML,BEF.028,A,156,157,,,,MEA,garmin_lml_hab_day1
LML,BEF.028,B,,,158,,,MEA,garmin_lml_hab_day1
LML,BEF.028,SV,159,161,,,,MEA,garmin_lml_hab_day1
LML,BEF.028,SB,159,163,,,,MEA,garmin_lml_hab_day1
LML,BEF.028,FW,159,163,,,,MEA,garmin_lml_hab_day1
LML,BEF.028,O,159,163,,,,MEA,garmin_lml_hab_day1
LML,BEF.028,CW,,,160,,,MEA,garmin_lml_hab_day1
LML,BEF.028,CW,,,162,,,MEA,garmin_lml_hab_day1
LML,BEF.028,S,163,171,,,,MEA,garmin_lml_hab_day1
LML,BEF.028,SV,,,163,,THICK VEG MAT,MEA,garmin_lml_hab_day1
LML,BEF.028,CW,,,163,,,MEA,garmin_lml_hab_day1
LML,BEF.028,EV,167,168,,,,MEA,garmin_lml_hab_day1
LML,BEF.028,EV,169,170,,,,MEA,garmin_lml_hab_day1
LML,BEF.028,CW,,,166,,,MEA,garmin_lml_hab_day1
LML,BEF.029,SBR,171,172,,,"SAND, BOULDERS, ROCK",MEA,garmin_lml_hab_day1
LML,BEF.030,SBR,172,174,,,LARGE BOULDER FIELD,MEA,garmin_lml_hab_day1
LML,BEF.030,SV,,,173,,,MEA,garmin_lml_hab_day1
LML,BEF.030,CW,,,174,,,MEA,garmin_lml_hab_day1
LML,BEF.031,O,173,181,,,NO ROCKS,MEA,garmin_lml_hab_day1
LML,BEF.031,CW,,,174,,,MEA,garmin_lml_hab_day1
LML,BEF.031,CW,,,176,,,MEA,garmin_lml_hab_day1
LML,BEF.031,B,,,176,,,MEA,garmin_lml_hab_day1
LML,BEF.031,CW,,,177,,,MEA,garmin_lml_hab_day1
LML,BEF.031,CW,,,178,,,MEA,garmin_lml_hab_day1
LML,BEF.031,CW,,,179,,,MEA,garmin_lml_hab_day1
LML,BEF.031,B,,,180,,,MEA,garmin_lml_hab_day1
LML,BEF.031,SBR,181,182,,,,MEA,garmin_lml_hab_day1
LML,BEF.031,S,182,199,,,,MEA,garmin_lml_hab_day1
LML,BEF.031,EV,183,184,,,,MEA,garmin_lml_hab_day1
LML,BEF.031,O,182,187,,,ORGANIC OOZE + LEAVES,MEA,garmin_lml_hab_day1
LML,BEF.031,SE,185,188,,,,MEA,garmin_lml_hab_day1
LML,BEF.031,EV,186,187,,,,MEA,garmin_lml_hab_day1
LML,BEF.031,O,189,198,,,,MEA,garmin_lml_hab_day1
LML,BEF.031,SV,189,193,,,,MEA,garmin_lml_hab_day1
LML,BEF.031,EV,190,191,,,,MEA,garmin_lml_hab_day1
LML,BEF.031,EV,192,193,,,,MEA,garmin_lml_hab_day1
LML,BEF.031,CW,,,194,,,MEA,garmin_lml_hab_day1
LML,BEF.031,SV,195,198,,,,MEA,garmin_lml_hab_day1
LML,BEF.031,CW,,,196,,,MEA,garmin_lml_hab_day1
LML,BEF.031,CW,,,197,,,MEA,garmin_lml_hab_day1
LML,BEF.031,FW,198,207,,,,MEA,garmin_lml_hab_day1
LML,BEF.031,O,198,207,,,,MEA,garmin_lml_hab_day1
LML,BEF.031,SV,198,199,,,,MEA,garmin_lml_hab_day1
LML,BEF.031,SCS,199,202,,,,MEA,garmin_lml_hab_day1
LML,BEF.031,SV,200,202,,,,MEA,garmin_lml_hab_day1
LML,BEF.031,S,202,203,,,,MEA,garmin_lml_hab_day1
LML,BEF.031,SCS,203,205,,,,MEA,garmin_lml_hab_day1
LML,BEF.031,SV,204,206,,,,MEA,garmin_lml_hab_day1
LML,BEF.031,SCS,206,207,,,,MEA,garmin_lml_hab_day1
LML,BEF.031,S,207,208,,,,MEA,garmin_lml_hab_day1
LML,BEF.031,SCS,208,209,,,,MEA,garmin_lml_hab_day1
LML,BEF.031,S,209,210,,,,MEA,garmin_lml_hab_day1
LML,BEF.031,SCS,210,210,,,changed 212 to 210 because of errat point,MEA,garmin_lml_hab_day1
LML,BEF.031,FW,210,210,,,changed 212 to 210 because of errat point,MEA,garmin_lml_hab_day1
LML,BEF.031,S,210,222,,,changed 211 to 210 because of errat point,MEA,garmin_lml_hab_day1
LML,BEF.031,SV,213,216,,,,MEA,garmin_lml_hab_day1
LML,BEF.031,EV,214,216,,,,MEA,garmin_lml_hab_day1
LML,BEF.031,FW,215,216,,,,MEA,garmin_lml_hab_day1
LML,BEF.031,EV,217,218,,,,MEA,garmin_lml_hab_day1
LML,BEF.031,SV,221,225,,,,MEA,garmin_lml_hab_day1
LML,BEF.031,SCS,222,223,,,,MEA,garmin_lml_hab_day1
LML,BEF.031,EV,223,224,,,,MEA,garmin_lml_hab_day1
LML,BEF.031,S,223,232,,,,MEA,garmin_lml_hab_day1
LML,BEF.031,EV,,,226,,,MEA,garmin_lml_hab_day1
LML,BEF.031,EV,227,228,,,,MEA,garmin_lml_hab_day1
LML,BEF.031,SV,229,230,,,,MEA,garmin_lml_hab_day1
LML,BEF.031,SCS,229,230,,,,MEA,garmin_lml_hab_day1
LML,BEF.031,EV,231,232,,,,MEA,garmin_lml_hab_day1
LML,BEF.031,SCS,232,234,,,,MEA,garmin_lml_hab_day1
LML,BEF.031,S,234,235,,,,MEA,garmin_lml_hab_day1
LML,BEF.031,SV,233,234,,,,MEA,garmin_lml_hab_day1
LML,BEF.031,SCS,235,239,,,,MEA,garmin_lml_hab_day1
LML,BEF.031,EV,236,238,,,,MEA,garmin_lml_hab_day1
LML,BEF.031,SV,237,239,,,,MEA,garmin_lml_hab_day1
LML,BEF.002,SC,382,383,,2,,MEA,
LML,BEF.002,SV,382,383,,1,,MEA,
LML,BEF.002,FW,382,388,,1,,MEA,
LML,BEF.002,S,383,387,,5,,MEA,
LML,BEF.002,SV,384,385,,NA,,MEA,
LML,BEF.002,B,,,386,,,MEA,
LML,BEF.002,SC,387,388,,2,,MEA,
LML,BEF.002,SV,388,393,,1,,MEA,
LML,BEF.002,S,388,389,,5,,MEA,
LML,BEF.002,GRAVEL,389,391,,5,,MEA,
LML,BEF.002,B,,,390,,,MEA,
LML,BEF.002,SC,391,392,,,,MEA,
LML,BEF.002,FW,391,395,,1,,MEA,
LML,BEF.002,CW,,,392,,LARGE PILE OF STICKS,MEA,
LML,BEF.002,B,,,392,,,MEA,
LML,BEF.002,SV,392,396,,2,,MEA,
LML,BEF.002,S,392,399,,5,,MEA,
LML,BEF.002,EV,394,397,,5,,MEA,
LML,BEF.002,FW,395,396,,3,,MEA,
LML,BEF.002,FW,396,400,,1,,MEA,
LML,BEF.002,EV,398,400,,5,,MEA,
LML,BEF.002,SV,398,400,,3,,MEA,
LML,BEF.002,SC,399,400,,1,,MEA,
LML,BEF.002,S,400,401,,5,,MEA,
LML,BEF.002,SC,401,402,,1,,MEA,
LML,BEF.002,SV,401,402,,1,,MEA,
LML,BEF.002,B,402,404,,1,,MEA,
LML,BEF.002,SC,403,404,,3,,MEA,
LML,BEF.002,SV,403,404,,,MISSING DENSITY,MEA,
LML,BEF.003,SC,404,410,,4,,MEA,
LML,BEF.003,SV,404,407,,2,,MEA,
LML,BEF.003,FW,404,413,,1,,MEA,
LML,BEF.003,CW,,,405,,,MEA,
LML,BEF.003,CW,,,408,,,MEA,
LML,BEF.003,CW,,,409,,,MEA,
LML,BEF.003,CW,,,411,,,MEA,
LML,BEF.003,B,,,406,,,MEA,
LML,BEF.003,B,407,413,,2,,MEA,
LML,BEF.003,SV,410,413,,4,,MEA,
LML,BEF.003,EV,410,412,,5,,MEA,
LML,BEF.003,SC,410,413,,5,,MEA,
LML,BEF.004,S,413,422,,5,,MEA,
LML,BEF.004,SV,414,421,,4,DEEP - POSSIBLY OUT OF 2M CONTOUR,MEA,
LML,BEF.004,EV,414,416,,5,,MEA,
LML,BEF.004,B,,,415,5,GIVEN A POINT DENSITY BECAUSE MANY BOULDERS AT SAME SPOT,MEA,
LML,BEF.004,EV,416,417,,2,,MEA,
LML,BEF.004,B,,,417,,,MEA,
LML,BEF.004,B,,,418,,,MEA,
LML,BEF.004,B,,,420,,,MEA,
LML,BEF.004,SV,421,423,4,,,MEA,
LML,BEF.004,EV,422,423,,5,,MEA,
LML,BEF.004,GRAVEL,422,424,,5,,MEA,
LML,BEF.004,SV,423,428,,2,,MEA,
LML,BEF.004,SC,424,425,,2,,MEA,
LML,BEF.004,FW,427,429,,1,,MEA,
LML,BEF.004,SV,428,429,,4,,MEA,
LML,BEF.005,SV,429,430,,3,,MEA,
LML,BEF.005,S,429,498,,5,,MEA,
LML,BEF.005,FW,429,470,,2,,MEA,
LML,BEF.005,O,430,433,,5,,MEA,
LML,BEF.005,CW,,,431,,,MEA,
LML,BEF.005,CW,,,432,,,MEA,
LML,BEF.005,SV,433,443,,4,,MEA,
LML,BEF.005,EV,434,439,,3,,MEA,
LML,BEF.005,CW,,,435,,,MEA,
LML,BEF.005,CW,,,436,,,MEA,
LML,BEF.005,CW,,,437,,,MEA,
LML,BEF.005,CW,,,438,,,MEA,
LML,BEF.005,CW,,,440,,,MEA,
LML,BEF.005,O,436,447,,4,,MEA,
LML,BEF.005,CW,,,441,,,MEA,
LML,BEF.005,SV,443,470,,5,,MEA,
LML,BEF.005,CW,,,445,,,MEA,
LML,BEF.005,CW,,,446,,,MEA,
LML,BEF.005,O,447,448,,1,,MEA,
LML,BEF.005,O,448,468,,2,,MEA,
LML,BEF.005,EV,449,468,,2,,MEA,
LML,BEF.005,CW,,,450,,,MEA,
LML,BEF.005,CW,,,451,,,MEA,
LML,BEF.005,CW,,,452,,,MEA,
LML,BEF.005,CW,,,453,,,MEA,
LML,BEF.005,CW,,,454,,,MEA,
LML,BEF.005,CW,,,455,,,MEA,
LML,BEF.005,CW,,,456,,,MEA,
LML,BEF.005,CW,,,457,,,MEA,
LML,BEF.005,CW,,,458,,,MEA,
LML,BEF.005,CW,,,459,,,MEA,
LML,BEF.005,CW,,,460,,,MEA,
LML,BEF.005,CW,,,461,,,MEA,
LML,BEF.005,CW,,,462,,,MEA,
LML,BEF.005,CW,,,463,,,MEA,
LML,BEF.005,CW,,,464,,,MEA,
LML,BEF.005,SC,465,466,,,,MEA,
LML,BEF.005,CW,,,467,,,MEA,
LML,BEF.005,B,468,470,,5,,MEA,
LML,BEF.005,CW,,,469,,,MEA,
LML,BEF.005,SV,470,488,,4,,MEA,
LML,BEF.005,O,470,471,,2,,MEA,
LML,BEF.005,FW,471,474,,1,,MEA,
LML,BEF.005,O,471,472,,3,,MEA,
LML,BEF.005,SC,472,488,,2,,MEA,
LML,BEF.005,B,472,473,,,,MEA,
LML,BEF.005,EV,474,475,,,,MEA,
LML,BEF.005,FW,474,498,,3,,MEA,
LML,BEF.005,B,,,476,,,MEA,
LML,BEF.005,CW,,,477,,,MEA,
LML,BEF.005,CW,,,478,,,MEA,
LML,BEF.005,CW,,,479,,,MEA,
LML,BEF.005,CW,,,480,,,MEA,
LML,BEF.005,CW,,,481,,,MEA,
LML,BEF.005,CW,,,482,,,MEA,
LML,BEF.005,EV,483,498,,2,,MEA,
LML,BEF.005,CW,,,484,,,MEA,
LML,BEF.005,CW,,,485,,,MEA,
LML,BEF.005,CW,,,486,,,MEA,
LML,BEF.005,O,486,498,,2,,MEA,
LML,BEF.005,B,,,488,,,MEA,
LML,BEF.005,CW,,,489,,,MEA,
LML,BEF.005,CW,,,492,,,MEA,
LML,BEF.005,CW,,,493,,,MEA,
LML,BEF.005,CW,,,494,,,MEA,
LML,BEF.005,CW,,,495,,,MEA,
LML,BEF.005,CW,,,496,,,MEA,
LML,BEF.005,CW,,,497,,,MEA,
LML,BEF.005,CW,,,489,,,MEA,
LML,BEF.005,B,490,498,,1,,MEA,
LML,BEF.006,B,498,499,,,,MEA,
LML,BEF.006,O,499,500,,3,,MEA,
LML,BEF.006,C,499,500,,,,MEA,
LML,BEF.006,B,499,500,,3,,MEA,
LML,BEF.006,FW,499,500,,3,,MEA,
LML,BEF.006,B,500,504,,5,,MEA,
LML,BEF.006,C,501,504,,5,,MEA,
LML,BEF.006,SV,502,505,,1,,MEA,
LML,BEF.006,FW,503,505,,,,MEA,
LML,BEF.006,SC,504,511,,4,,MEA,
LML,BEF.006,B,505,511,,4,,MEA,
LML,BEF.006,FW,506,511,,2,,MEA,
LML,BEF.006,SV,507,508,,2,,MEA,
LML,BEF.006,SV,509,510,,2,,MEA,
LML,BEF.007,SC,511,512,,4,,MEA,
LML,BEF.007,B,511,512,,4,,MEA,
LML,BEF.007,FW,511,515,,2,,MEA,
LML,BEF.007,S,511,512,,2,,MEA,
LML,BEF.007,SV,511,512,,2,,MEA,
LML,BEF.007,S,512,514,,4,,MEA,
LML,BEF.007,SV,512,514,,4,,MEA,
LML,BEF.007,EV,512,514,,1,,MEA,
LML,BEF.007,CW,,,513,,,MEA,
LML,BEF.007,SC,514,515,,5,,MEA,
LML,BEF.007,B,514,515,,5,,MEA,
LML,BEF.008,C,515,517,,5,,MEA,
LML,BEF.008,B,515,517,,5,,MEA,
LML,BEF.008,FW,515,517,,1,,MEA,
LML,BEF.008,SV,516,523,,2,,MEA,
LML,BEF.008,S,516,517,,2,,MEA,
LML,BEF.008,B,517,525,,1,,MEA,
LML,BEF.008,O,517,519,,2,,MEA,
LML,BEF.008,FW,517,530,,3,,MEA,
LML,BEF.008,EV,517,519,,1,,MEA,
LML,BEF.008,S,517,519,,3,,MEA,
LML,BEF.008,S,519,526,,1,,MEA,
LML,BEF.008,C,518,519,,1,,MEA,
LML,BEF.008,SC,519,526,,4,,MEA,
LML,BEF.008,SV,520,522,,2,,MEA,
LML,BEF.008,CW,,,521,,,MEA,
LML,BEF.008,SV,522,523,,2,,MEA,
LML,BEF.008,B,525,530,,3,,MEA,
LML,BEF.008,CW,,,526,,,MEA,
LML,BEF.008,CW,,,527,,,MEA,
LML,BEF.008,C,526,528,,5,,MEA,
LML,BEF.008,C,528,530,,2,,MEA,
LML,BEF.008,SV,529,530,,1,,MEA,
LML,BEF.012,SC,531,532,,2,,MEA,
LML,BEF.012,SV,531,542,,1,,MEA,
LML,BEF.012,S,531,532,,4,,MEA,
LML,BEF.012,O,531,532,,2,,MEA,
LML,BEF.012,CW,,,532,,,MEA,
LML,BEF.012,CW,,,533,,,MEA,
LML,BEF.012,CW,,,534,,,MEA,
LML,BEF.012,S,532,537,,5,,MEA,
LML,BEF.012,O,535,537,,4,,MEA,
LML,BEF.012,SC,537,538,,1,LML POINT 536,MEA,
LML,BEF.012,FW,538,548,,`,,MEA,
LML,BEF.012,O,539,542,,3,,MEA,
LML,BEF.012,EV,540,541,,1,,MEA,
LML,BEF.012,S,538,543,,5,,MEA,
LML,BEF.012,SV,542,543,,4,DEEP,MEA,
LML,BEF.012,SC,543,545,,4,,MEA,
LML,BEF.012,CW,,,544,,,MEA,
LML,BEF.012,SV,545,548,,2,,MEA,
LML,BEF.012,SC,545,546,,1,,MEA,
LML,BEF.012,B,,,546,,,MEA,
LML,BEF.012,S,546,548,,5,,MEA,
LML,BEF.012,SV,546,548,,4,,MEA,
LML,BEF.009,SC,642,643,,4,,MEA,
LML,BEF.009,B,642,646,,1,,MEA,
LML,BEF.009,SV,642,646,,2,,MEA,
LML,BEF.009,BED,643,644,,,,MEA,
LML,BEF.009,S,644,646,,,,MEA,
LML,BEF.009,SC,645,646,,2,,MEA,
LML,BEF.009,B,646,647,,5,,MEA,
LML,BEF.009,SC,646,659,,5,,MEA,
LML,BEF.009,B,647,649,,3,,MEA,
LML,BEF.009,FW,649,652,,,,MEA,
LML,BEF.009,B,650,659,,2,,MEA,
LML,BEF.009,BED,651,659,,,,MEA,
LML,BEF.009,CW,,653,,,,MEA,
LML,BEF.009,SV,654,655,,1,,MEA,
LML,BEF.009,EV,655,656,,,,MEA,
LML,BEF.009,SV,657,658,,,,MEA,
LML,BEF.009,SV,659,664,,2,,MEA,
LML,BEF.009,S,659,663,,2,,MEA,
LML,BEF.009,B,,,660,,,MEA,
LML,BEF.009,B,,,661,,,MEA,
LML,BEF.009,SC,662,664,,,,MEA,
LML,BEF.009,BED,662,664,,,,MEA,
LML,BEF.009,SC,663,664,,,,MEA,
LML,BEF.009,B,663,664,,,,MEA,
LML,BEF.011,SV,548,551,,2,,MEA,
LML,BEF.011,FW,548,556,,1,,MEA,
LML,BEF.011,S,548,559,,5,,MEA,
LML,BEF.011,O,548,550,,1,,MEA,
LML,BEF.011,CW,,,549,,,MEA,
LML,BEF.011,O,550,552,,3,,MEA,
LML,BEF.011,SW,551,562,,3,,MEA,
LML,BEF.011,CW,,,553,,,MEA,
LML,BEF.011,O,554,555,,2,,MEA,
LML,BEF.011,O,556,562,,22,,MEA,
LML,BEF.011,FW,556,562,,2,,MEA,
LML,BEF.011,CW,,,557,,,MEA,
LML,BEF.011,CW,,,558,,,MEA,
LML,BEF.011,B,,,558,,,MEA,
LML,BEF.011,C,556,559,,1,,MEA,
LML,BEF.011,SC,559,562,,2,,MEA,
LML,BEF.011,CW,,,560,,,MEA,
LML,BEF.011,B,,,561,,,MEA,
LML,BEF.011,B,562,565,,3,,MEA,
LML,BEF.011,CW,,,563,,,MEA,
LML,BEF.011,CW,,,564,,,MEA,
LML,BEF.011,SC,565,566,,5,,MEA,
LML,BEF.011,B,565,566,,2,,MEA,
LML,BEF.011,B,566,570,,2,,MEA,
LML,BEF.011,SC,566,570,,2,,MEA,
LML,BEF.011,SV,568,570,,2,,MEA,
LML,BEF.011,CW,,,570,,,MEA,
LML,BEF.011,CW,,,569,,,MEA,
LML,BEF.011,SC,570,571,,5,,MEA,
LML,BEF.011,B,570,571,,2,,MEA,
LML,BEF.011,SV,571,573,,1,,MEA,
LML,BEF.011,B,571,573,,1,,MEA,
LML,BEF.011,CW,,,573,,,MEA,
LML,BEF.011,CW,,,572,,,MEA,
LML,BEF.010,FW,573,588,,1,,MEA,
LML,BEF.010,O,573,593,,2,,MEA,
LML,BEF.010,SV,573,581,,1,,MEA,
LML,BEF.010,SC,573,581,,2,,MEA,
LML,BEF.010,CW,,,574,,,MEA,
LML,BEF.010,CW,,,575,,,MEA,
LML,BEF.010,CW,,,578,,,MEA,
LML,BEF.010,B,,,576,,,MEA,
LML,BEF.010,B,,,577,,,MEA,
LML,BEF.010,B,,,578,,,MEA,
LML,BEF.010,B,,,579,,,MEA,
LML,BEF.010,SC,581,587,,5,,MEA,
LML,BEF.010,SV,583,608,,1,,MEA,
LML,BEF.010,CW,,,584,,,MEA,
LML,BEF.010,CW,,,585,,,MEA,
LML,BEF.010,B,,,586,,,MEA,
LML,BEF.010,SC,588,,,2,,MEA,
LML,BEF.010,FW,588,594,,3,,MEA,
LML,BEF.010,B,588,593,,2,,MEA,
LML,BEF.010,CW,,,590,,,MEA,
LML,BEF.010,CW,,,591,,,MEA,
LML,BEF.010,CW,,,592,,,MEA,
LML,BEF.010,CW,593,594,,3,,MEA,
LML,BEF.010,B,593,594,,3,,MEA,
LML,BEF.010,B,594,600,,5,,MEA,
LML,BEF.010,C,594,601,,5,,MEA,
LML,BEF.010,FW,594,601,,1,,MEA,
LML,BEF.010,O,595,596,,2,,MEA,
LML,BEF.010,O,597,601,,3,,MEA,
LML,BEF.010,B,,,598,,,MEA,
LML,BEF.010,B,,,599,,,MEA,
LML,BEF.010,B,600,601,,5,,MEA,
LML,BEF.010,C,601,608,,,,MEA,
LML,BEF.010,FW,601,605,,,,MEA,
LML,BEF.010,CW,,,602,,,MEA,
LML,BEF.010,CW,,,603,,,MEA,
LML,BEF.010,CW,,,604,,,MEA,
LML,BEF.010,FW,605,608,,4,,MEA,
LML,BEF.010,CW,,,605,,,MEA,
LML,BEF.010,SV,606,608,,,,MEA,
LML,BEF.010,O,607,608,,,,MEA,
LML,BEF.010,FW,608,609,,5,,MEA,
LML,BEF.010,O,609,612,,4,,MEA,
LML,BEF.010,SV,609,612,,1,,MEA,
LML,BEF.010,FW,609,615,,3,,MEA,
LML,BEF.010,C,609,615,,1,,MEA,
LML,BEF.010,B,,,610,,,MEA,
LML,BEF.010,CW,,,611,,,MEA,
LML,BEF.010,SV,612,635,,3,,MEA,
LML,BEF.010,CW,,,613,,,MEA,
LML,BEF.010,CW,,,614,,,MEA,
LML,BEF.010,C,615,635,,4,,MEA,
LML,BEF.010,CW,,,616,,,MEA,
LML,BEF.010,CW,,,617,,,MEA,
LML,BEF.010,O,618,619,,,,MEA,
LML,BEF.010,CW,,,620,,,MEA,
LML,BEF.010,CW,,,621,,,MEA,
LML,BEF.010,CW,,,622,,,MEA,
LML,BEF.010,CW,,,623,,,MEA,
LML,BEF.010,CW,,,624,,,MEA,
LML,BEF.010,CW,,,625,,,MEA,
LML,BEF.010,CW,,,626,,,MEA,
LML,BEF.010,CW,,,627,,,MEA,
LML,BEF.010,CW,,,628,,,MEA,
LML,BEF.010,CW,,,629,,,MEA,
LML,BEF.010,CW,,,630,,,MEA,
LML,BEF.010,CW,,,631,,,MEA,
LML,BEF.010,CW,,,632,,,MEA,
LML,BEF.010,CW,,,633,,,MEA,
LML,BEF.010,CW,,,634,,,MEA,
LML,BEF.010,B,628,637,,,,MEA,
LML,BEF.010,CW,,,637,,,MEA,
LML,BEF.010,C,635,637,,4,,MEA,
LML,BEF.010,SV,635,637,,1,,MEA,
LML,BEF.010,CW,636,637,,,,MEA,
LML,BEF.010,SV,637,639,,3,,MEA,
LML,BEF.010,SC,637,639,,2,,MEA,
LML,BEF.010,CW,,,638,,,MEA,
LML,BEF.010,O,639,640,,3,,MEA,
LML,BEF.010,SV,640,641,,2,,MEA,
LML,BEF.010,SC,639,642,,3,,MEA,
LML,BEF.022,C,827,828,,5,,MEA,
LML,BEF.022,SV,827,842,,1,,MEA,
LML,BEF.022,CW,,,,,,MEA,
LML,BEF.022,FW,828,835,,1,,MEA,
LML,BEF.022,C,828,832,,2,,MEA,
LML,BEF.022,CW,,,,,,MEA,
LML,BEF.022,CW,,,,,,MEA,
LML,BEF.022,B,831,837,,1,,MEA,
LML,BEF.022,C,832,833,,4,,MEA,
LML,BEF.022,C,833,834,,5,,MEA,
LML,BEF.022,C,834,837,,1,,MEA,
LML,BEF.022,FW,835,837,,3,,MEA,
LML,BEF.022,CW,,,,,,MEA,
LML,BEF.022,S,837,840,,5,,MEA,
LML,BEF.022,CW,,,,,,MEA,
LML,BEF.022,C,840,842,,1,,MEA,
LML,BEF.013,B,819,825,,1,,MEA,
LML,BEF.013,C,819,822,,4,,MEA,
LML,BEF.013,FW,819,820,,3,,MEA,
LML,BEF.013,O,819,820,,1,,MEA,
LML,BEF.013,B,,,820,,,MEA,
LML,BEF.013,B,,,821,,,MEA,
LML,BEF.013,SV,822,825,,1,,MEA,
LML,BEF.013,C,822,825,,3,,MEA,
LML,BEF.013,FW,822,826,,1,,MEA,
LML,BEF.013,CW,,,823,,,MEA,
LML,BEF.013,O,824,826,,1,,MEA,
LML,BEF.013,S,825,826,,5,,MEA,
LML,BEF.014,O,801,802,,4,,MEA,
LML,BEF.014,SV,801,802,,1,,MEA,
LML,BEF.014,FW,801,802,,2,,MEA,
LML,BEF.014,C,801,802,,1,,MEA,
LML,BEF.014,B,802,804,,5,,MEA,
LML,BEF.014,B,804,819,,1,,MEA,
LML,BEF.014,C,804,819,,5,,MEA,
LML,BEF.014,CW,,,805,,,MEA,
LML,BEF.014,CW,,,806,,,MEA,
LML,BEF.014,CW,,,807,,,MEA,
LML,BEF.014,CW,,,808,,,MEA,
LML,BEF.014,CW,,,809,,,MEA,
LML,BEF.014,CW,,,810,,,MEA,
LML,BEF.014,CW,,,811,,,MEA,
LML,BEF.014,CW,,,812,,,MEA,
LML,BEF.014,CW,,,813,,,MEA,
LML,BEF.014,CW,,,814,,,MEA,
LML,BEF.014,CW,,,815,,,MEA,
LML,BEF.014,CW,,,816,,,MEA,
LML,BEF.014,CW,,,817,,,MEA,
LML,BEF.014,CW,,,818,,,MEA,
LML,BEF.022,S,665,666,,4,,MEA,
LML,BEF.022,SV,665,670,,`,,MEA,
LML,BEF.022,O,665,676,,1,,MEA,
LML,BEF.022,C,665,667,,`,,MEA,
LML,BEF.022,CW,,,666,,,MEA,
LML,BEF.022,FW,666,668,,1,,MEA,
LML,BEF.022,B,,,669,,,MEA,
LML,BEF.022,C,670,671,,`,,MEA,
LML,BEF.022,SV,671,675,,3,,MEA,
LML,BEF.022,C,671,675,,2,,MEA,
LML,BEF.022,EV,671,675,,1,,MEA,
LML,BEF.022,CW,,,672,,,MEA,
LML,BEF.022,CW,,,673,,,MEA,
LML,BEF.022,CW,,,674,,,MEA,
LML,BEF.022,EV,675,678,,5,,MEA,
LML,BEF.022,SV,675,676,,5,,MEA,
LML,BEF.022,FW,676,678,,2,,MEA,
LML,BEF.022,O,667,678,,4,,MEA,
LML,BEF.022,CW,667,678,,4,,MEA,
LML,BEF.032,EV,678,681,,3,,MEA,
LML,BEF.032,O,678,681,,4,,MEA,
LML,BEF.032,SV,678,681,,2,,MEA,
LML,BEF.032,FW,678,681,,2,,MEA,
LML,BEF.032,CW,,,680,,,MEA,
LML,BEF.032,CW,,,681,,,MEA,
LML,BEF.032,SV,681,682,,3,,MEA,
LML,BEF.020,SV,682,705,,2,,MEA,
LML,BEF.020,FW,682,690,,2,,MEA,
LML,BEF.020,EV,682,687,,2,,MEA,
LML,BEF.020,CW,,,683,,,MEA,
LML,BEF.020,CW,,,684,,,MEA,
LML,BEF.020,CW,,,685,,,MEA,
LML,BEF.020,CW,,,686,,,MEA,
LML,BEF.020,CW,,,689,,,MEA,
LML,BEF.020,B,,,688,,,MEA,
LML,BEF.020,S,682,706,,3,,MEA,
LML,BEF.020,FW,690,733,,3,,MEA,
LML,BEF.020,CW,,,691,,,MEA,
LML,BEF.020,CW,,,692,,,MEA,
LML,BEF.020,CW,,,693,,,MEA,
LML,BEF.020,CW,,,694,,,MEA,
LML,BEF.020,CW,,,695,,,MEA,
LML,BEF.020,CW,,,696,,,MEA,
LML,BEF.020,CW,,,697,,,MEA,
LML,BEF.020,CW,,,698,,,MEA,
LML,BEF.020,CW,,,699,,,MEA,
LML,BEF.020,CW,,,700,,,MEA,
LML,BEF.020,CW,,,701,,,MEA,
LML,BEF.020,CW,,,702,,,MEA,
LML,BEF.020,CW,,,703,,,MEA,
LML,BEF.020,CW,,,704,,,MEA,
LML,BEF.020,CW,705,708,,4,,MEA,
LML,BEF.020,B,706,708,,2,,MEA,
LML,BEF.020,B,,,707,,,MEA,
LML,BEF.020,C,706,733,,2,,MEA,
LML,BEF.020,CW,,,,,,MEA,
LML,BEF.020,SV,711,733,,2,,MEA,
LML,BEF.020,CW,712,713,,4,,MEA,
LML,BEF.020,CW,,,714,,,MEA,
LML,BEF.020,CW,,,715,,,MEA,
LML,BEF.020,CW,,,716,,,MEA,
LML,BEF.020,CW,,,717,,,MEA,
LML,BEF.020,CW,,,718,,,MEA,
LML,BEF.020,CW,,,719,,,MEA,
LML,BEF.020,CW,,,,,,MEA,
LML,BEF.020,EV,719,720,,1,,MEA,
LML,BEF.020,B,715,719,,4,,MEA,
LML,BEF.020,O,719,733,,2,,MEA,
LML,BEF.020,CW,,,721,,,MEA,
LML,BEF.020,CW,722,724,,4,,MEA,
LML,BEF.020,CW,,,725,,,MEA,
LML,BEF.020,CW,726,727,,4,,MEA,
LML,BEF.020,CW,,,728,,,MEA,
LML,BEF.020,CW,,,729,,,MEA,
LML,BEF.020,B,,,723,,,MEA,
LML,BEF.020,CW,,,730,,,MEA,
LML,BEF.020,B,,,731,,,MEA,
LML,BEF.020,S,732,733,,,,MEA,
LML,BEF.019,EV,733,749,,3,,MEA,
LML,BEF.019,S,733,744,,4,,MEA,
LML,BEF.019,C,733,744,,1,,MEA,
LML,BEF.019,SV,733,741,,1,,MEA,
LML,BEF.019,CW,,,734,,,MEA,
LML,BEF.019,CW,,,735,,,MEA,
LML,BEF.019,CW,,,736,,,MEA,
LML,BEF.019,CW,,,737,,,MEA,
LML,BEF.019,CW,,,743,,,MEA,
LML,BEF.019,FW,738,744,,1,,MEA,
LML,BEF.019,CW,,,739,,,MEA,
LML,BEF.019,CW,,,740,,,MEA,
LML,BEF.019,CW,,,742,,,MEA,
LML,BEF.019,SV,741,744,,3,,MEA,
LML,BEF.019,S,744,749,,5,,MEA,
LML,BEF.019,FW,745,747,,5,,MEA,
LML,BEF.019,CW,,,746,,,MEA,
LML,BEF.019,CW,,,748,,,MEA,
LML,BEF.017,C,760,761,,4,,MEA,
LML,BEF.017,B,760,761,,3,,MEA,
LML,BEF.017,SV,760,761,,1,,MEA,
LML,BEF.018,SV,749,751,,4,,MEA,
LML,BEF.018,S,749,751,,5,,MEA,
LML,BEF.018,FW,749,753,,1,,MEA,
LML,BEF.018,CW,,,750,,,MEA,
LML,BEF.018,S,751,760,,5,,MEA,
LML,BEF.018,EV,752,754,,1,,MEA,
LML,BEF.018,SV,752,753,,1,,MEA,
LML,BEF.018,SV,753,754,,4,,MEA,
LML,BEF.018,EV,754,755,,4,,MEA,
LML,BEF.018,SV,754,760,,5,,MEA,
LML,BEF.018,FW,756,757,,4,,MEA,
LML,BEF.018,O,756,757,,4,,MEA,
LML,BEF.018,FW,757,760,,2,,MEA,
LML,BEF.018,O,758,760,,1,,MEA,
LML,BEF.018,CW,,,758,,,MEA,
LML,BEF.018,CW,,,759,,,MEA,
LML,BEF.015,SV,775,791,,2,,MEA,
LML,BEF.015,C,775,780,,1,,MEA,
LML,BEF.015,FW,775,780,,1,,MEA,
LML,BEF.015,S,775,780,,4,,MEA,
LML,BEF.015,CW,,,,,,MEA,
LML,BEF.015,C,780,782,,3,,MEA,
LML,BEF.015,FW,780,791,,3,,MEA,
LML,BEF.015,C,782,784,,1,,MEA,
LML,BEF.015,B,,,783,2,,MEA,
LML,BEF.015,C,784,788,,4,,MEA,
LML,BEF.015,CW,,,785,,,MEA,
LML,BEF.015,CW,,,788,,,MEA,
LML,BEF.015,CW,,,787,,,MEA,
LML,BEF.015,C,788,791,,2,,MEA,
LML,BEF.015,CW,,,789,,,MEA,
LML,BEF.015,CW,,,790,,,MEA,
LML,BEF.015,O,791,793,,2,,MEA,
LML,BEF.015,FW,791,801,,3,,MEA,
LML,BEF.015,S,791,794,,5,,MEA,
LML,BEF.015,O,792,793,,5,,MEA,
LML,BEF.015,O,793,797,,1,,MEA,
LML,BEF.015,C,794,797,,1,,MEA,
LML,BEF.015,B,,,795,,,MEA,
LML,BEF.015,B,795,796,,,,MEA,
LML,BEF.015,CW,,,796,,,MEA,
LML,BEF.015,C,797,801,,4,,MEA,
LML,BEF.015,CW,798,799,,4,,MEA,
LML,BEF.015,B,,,800,,,MEA,
LML,BEF.015,B,799,801,,2,,MEA,
LML,BEF.016,C,761,767,,4,,MEA,
LML,BEF.016,SV,761,762,,1,,MEA,
LML,BEF.016,CW,,,762,,,MEA,
LML,BEF.016,,,,764,,,MEA,
LML,BEF.016,SV,762,763,,2,,MEA,
LML,BEF.016,SV,763,775,,2,,MEA,
LML,BEF.016,B,,,764,,,MEA,
LML,BEF.016,EV,765,766,,2,,MEA,
LML,BEF.016,CW,,,766,,,MEA,
LML,BEF.016,S,767,775,,5,,MEA,
LML,BEF.016,FW,768,775,,2,,MEA,
LML,BEF.016,CW,,,769,,,MEA,
LML,BEF.016,CW,,,770,,,MEA,
LML,BEF.016,CW,,,771,,,MEA,
LML,BEF.016,CW,,,772,,,MEA,
LML,BEF.016,CW,,,773,,,MEA,
LML,BEF.016,O,744,775,,2,,MEA,
LML,BEF.016,FW,744,775,,2,,MEA,
